Team Name,University,Team ID,Coach,ICPC Status
IIUC_CodeBug,International Islamic University Chittagong,1116384,Mohammed Shamsul Alam,ACCEPTED
IIUC.push_back(),International Islamic University Chittagong,1113810,Jamil As-ad,ACCEPTED
Zeros-iiuc,International Islamic University Chittagong,1113189,Nuren Nafisa,ACCEPTED
Bitforge blaze,International Islamic University Chittagong,1113180,Nuren Nafisa,ACCEPTED
TrioS,International Islamic University Chittagong,1112945,Yamina Islam,ACCEPTED
Infinite loopers,International Islamic University Chittagong,1111705,Yamina Islam,ACCEPTED
TMN Hackers,International Islamic University Chittagong,1111704,Yamina Islam,ACCEPTED
TeachHunter,International Islamic University Chittagong,1111703,Yamina Islam,ACCEPTED
Code_Error,International Islamic University Chittagong,1111702,Yamina Islam,ACCEPTED
NeoBytes,International Islamic University Chittagong,1111701,Yamina Islam,ACCEPTED
Return_True,International Islamic University Chittagong,1111700,Yamina Islam,ACCEPTED
Triple_flippers,International Islamic University Chittagong,1112788,Yamina Islam,ACCEPTED
Debuggers,International Islamic University Chittagong,1111699,Yamina Islam,ACCEPTED
Bug Hunters,International Islamic University Chittagong,1111698,Yamina Islam,ACCEPTED
Calyrix,International Islamic University Chittagong,1111697,Yamina Islam,ACCEPTED
404_NOT_FOUND,International Islamic University Chittagong,1111696,Yamina Islam,ACCEPTED
IIUC_Debuggers,International Islamic University Chittagong,1112841,Nuren Nafisa,ACCEPTED
u_ve_no_choice,International Islamic University Chittagong,1112248,Nuren Nafisa,ACCEPTED
Quize zone,International Islamic University Chittagong,1112247,Nuren Nafisa,ACCEPTED
IIUC_NaamKhujePaiNai,International Islamic University Chittagong,1112557,Nuren Nafisa,ACCEPTED
Code Infinity,International Islamic University Chittagong,1112228,Nuren Nafisa,ACCEPTED
Tomato_Cultivators,International Islamic University Chittagong,1111688,Nuren Nafisa,ACCEPTED
Echo of Zero,International Islamic University Chittagong,1111687,Nuren Nafisa,ACCEPTED
Error,International Islamic University Chittagong,1111686,Nuren Nafisa,ACCEPTED
Delulu dhongis,International Islamic University Chittagong,1111685,Nuren Nafisa,ACCEPTED
Jalmuri Coders,International Islamic University Chittagong,1111684,Nuren Nafisa,ACCEPTED
RuntimeTerror,International Islamic University Chittagong,1111683,Nuren Nafisa,ACCEPTED
Overflowers,International Islamic University Chittagong,1111682,Nuren Nafisa,ACCEPTED
Code Loading,International Islamic University Chittagong,1111681,Nuren Nafisa,ACCEPTED
IIUC_ILISH_SYNTAX,International Islamic University Chittagong,1111680,Nuren Nafisa,ACCEPTED
IIUC_Phoenix,International Islamic University Chittagong,1111679,Nuren Nafisa,ACCEPTED
IIUC_Gryffindor,International Islamic University Chittagong,1111678,Nuren Nafisa,ACCEPTED
IIUC_Recursion,International Islamic University Chittagong,1111677,Nuren Nafisa,ACCEPTED
DUWP,International Islamic University Chittagong,1111676,Nuren Nafisa,ACCEPTED
Stella Novus,International Islamic University Chittagong,1111675,Nuren Nafisa,ACCEPTED
Nexus,International Islamic University Chittagong,1112366,Mohammed Shamsul Alam,ACCEPTED
The4O4Roulette,International Islamic University Chittagong,1112168,Mohammed Shamsul Alam,ACCEPTED
SeatNai,International Islamic University Chittagong,1111452,Mohammed Shamsul Alam,ACCEPTED
IIUC_DOMINATORS,International Islamic University Chittagong,1111451,Mohammed Shamsul Alam,ACCEPTED
Ethereal Coders,International Islamic University Chittagong,1111450,Mohammed Shamsul Alam,ACCEPTED
TRIACO,International Islamic University Chittagong,1111434,Jamil As-ad,ACCEPTED
IIUC _Optimus,International Islamic University Chittagong,1111449,Mohammed Shamsul Alam,ACCEPTED
IIUC_ThreeFumblers,International Islamic University Chittagong,1111448,Mohammed Shamsul Alam,ACCEPTED
CPnators,International Islamic University Chittagong,1111429,Mohammed Shamsul Alam,ACCEPTED
IIUC_StrawHats,International Islamic University Chittagong,1111421,Mohammed Shamsul Alam,ACCEPTED
DoctorCoding,International Islamic University Chittagong,1112105,Tanveer Ahsan,ACCEPTED
Lexical Poets,International Islamic University Chittagong,1112104,Tanveer Ahsan,ACCEPTED
IIUC_MangoCoders,International Islamic University Chittagong,1112103,Tanveer Ahsan,ACCEPTED
IIUC_RAW,International Islamic University Chittagong,1112102,Tanveer Ahsan,ACCEPTED
Newbies,International Islamic University Chittagong,1112101,Tanveer Ahsan,ACCEPTED
Data Pirates,International Islamic University Chittagong,1112100,Tanveer Ahsan,ACCEPTED
IIUC_BigO,International Islamic University Chittagong,1112099,Tanveer Ahsan,ACCEPTED
Complexity Zero,International Islamic University Chittagong,1112098,Tanveer Ahsan,ACCEPTED
IIUC_MiskinShomiti,International Islamic University Chittagong,1112097,Tanveer Ahsan,ACCEPTED
WHY-IIUC,International Islamic University Chittagong,1112095,Tanveer Ahsan,ACCEPTED
IIUC_LastHope,International Islamic University Chittagong,1112094,Tanveer Ahsan,ACCEPTED
IIUC_Brute-forcers,International Islamic University Chittagong,1111473,Tanveer Ahsan,ACCEPTED
The Recursives,International Islamic University Chittagong,1112180,Jamil As-ad,ACCEPTED
Binary Brain,International Islamic University Chittagong,1112179,Jamil As-ad,ACCEPTED
Exceedo_Genesis_IIUC,International Islamic University Chittagong,1112358,Jamil As-ad,ACCEPTED
Black Bird,International Islamic University Chittagong,1112186,Jamil As-ad,ACCEPTED
RuntimeErrror,International Islamic University Chittagong,1111435,Jamil As-ad,ACCEPTED
IIUC_return_0,International Islamic University Chittagong,1111433,Jamil As-ad,ACCEPTED
IIUC_infinityloop,International Islamic University Chittagong,1111407,Jamil As-ad,ACCEPTED
EclipseCoders,International Islamic University Chittagong,1111436,Jamil As-ad,ACCEPTED
IIUCxNoob,International Islamic University Chittagong,1111400,Jamil As-ad,ACCEPTED
sorry_IIUC,International Islamic University Chittagong,1111535,Tanveer Ahsan,ACCEPTED
IIUC_SP3ECTRUM,International Islamic University Chittagong,1111432,Jamil As-ad,ACCEPTED
IIUC_MARK_US,International Islamic University Chittagong,1111431,Jamil As-ad,ACCEPTED
