University Name,Total Teams Participated,Teams Solved At Least 1 Problem
DAFFODIL INTERNATIONAL UNIVERSITY,317,87
INTERNATIONAL ISLAMIC UNIVERSITY CHITTAGONG,157,81
BANGLADESH UNIVERSITY OF BUSINESS AND TECHNOLOGY,470,77
BANGLADESH UNIVERSITY OF ENGINEERING AND TECHNOLOGY,53,41
MAWLANA BHASHANI SCIENCE AND TECHNOLOGY UNIVERSITY,49,40
UNIVERSITY OF DHAKA,37,34
SHAHJALAL UNIVERSITY OF SCIENCE AND TECHNOLOGY,33,32
ISLAMIC UNIVERSITY OF TECHNOLOGY,46,30
CHITTAGONG UNIVERSITY OF ENGINEERING & TECHNOLOGY,30,28
AMERICAN INTERNATIONAL UNIVERSITY - BANGLADESH,28,24
JAHANGIRNAGAR UNIVERSITY,26,24
NORTH SOUTH UNIVERSITY,41,23
"SOUTHEAST UNIVERSITY, BANGLADESH",31,22
RAJSHAHI UNIVERSITY OF ENGINEERING & TECHNOLOGY,22,21
METROPOLITAN UNIVERSITY,29,20
EAST WEST UNIVERSITY,24,18
COMILLA UNIVERSITY,18,17
AHSANULLAH UNIVERSITY OF SCIENCE AND TECHNOLOGY,18,16
MILITARY INSTITUTE OF SCIENCE AND TECHNOLOGY,17,16
BANGLADESH UNIVERSITY OF PROFESSIONALS,25,15
DHAKA UNIVERSITY OF ENGINEERING & TECHNOLOGY - GAZIPUR,19,14
NOAKHALI SCIENCE AND TECHNOLOGY UNIVERSITY,19,14
UNIVERSITY OF RAJSHAHI,15,14
KHULNA UNIVERSITY OF ENGINEERING AND TECHNOLOGY,14,14
UNIVERSITY OF ASIA PACIFIC,103,13
INTERNATIONAL UNIVERSITY OF BUSINESS AGRICULTURE AND TECHNOLOGY,19,13
"ISLAMIC UNIVERSITY, BANGLADESH",19,13
BRAC UNIVERSITY,17,13
UNIVERSITY OF CHITTAGONG,12,11
BANGABANDHU SHEIKH MUJIBUR RAHMAN SCIENCE AND TECHNOLOGY UNIVERSITY,11,11
SHANTO-MARIAM UNIVERSITY OF CREATIVE TECHNOLOGY,23,10
UNIVERSITY OF INFORMATION TECHNOLOGY & SCIENCES,14,10
KHULNA UNIVERSITY,11,10
HAJEE MOHAMMAD DANESH SCIENCE AND TECHNOLOGY UNIVERSITY,10,10
KHULNA UNIVERSITY OF ENGINEERING & TECHNOLOGY,10,10
PATUAKHALI SCIENCE AND TECHNOLOGY UNIVERSITY,11,9
DHAKA CITY COLLEGE,10,9
SYLHET ENGINEERING COLLEGE,10,9
"LEADING UNIVERSITY, SYLHET",9,9
"EAST DELTA UNIVERSITY, CHITTAGONG",20,8
UNITED INTERNATIONAL UNIVERSITY,19,8
DAFFODIL INSTITUTE OF INFORMATION TECHNOLOGY,18,8
INDEPENDENT UNIVERSITY - BANGLADESH,13,8
PABNA UNIVERSITY OF SCIENCE AND TECHNOLOGY,13,8
PREMIER UNIVERSITY CHITTAGONG,10,8
GREEN UNIVERSITY OF BANGLADESH,9,8
KHWAJA YUNUS ALI UNIVERSITY,8,8
UNIVERSITY OF BARISHAL,8,8
BANGLADESH ARMY UNIVERSITY OF SCIENCE & TECHNOLOGY,28,7
UTTARA UNIVERSITY,12,7
BGC TRUST UNIVERSITY BANGLADESH,11,7
RANGAMATI SCIENCE & TECHNOLOGY UNIVERSITY,10,7
R. P. SHAHA UNIVERSITY,9,7
"JAGANNATH UNIVERSITY, BANGLADESH",8,7
"BEGUM ROKEYA UNIVERSITY, RANGPUR",7,7
JASHORE UNIVERSITY OF SCIENCE AND TECHNOLOGY,7,7
"BANGABANDHU SHEIKH MUJIBUR RAHMAN UNIVERSITY, KISHOREGANJ",10,6
TEJGAON COLLEGE,10,6
NATIONAL INSTITUTE OF TEXTILE ENGINEERING AND RESEARCH,9,6
JATIYA KABI KAZI NAZRUL ISLAM UNIVERSITY,8,6
NORTHERN UNIVERSITY BANGLADESH,8,6
VARENDRA UNIVERSITY,8,6
"BANGABANDHU SHEIKH MUJIBUR RAHMAN DIGITAL UNIVERSITY,BANGLADESH",6,6
SHEIKH HASINA UNIVERSITY,6,6
BANGLADESH UNIVERSITY,13,5
INSTITUTE OF SCIENCE AND TECHNOLOGY,12,5
PORT CITY INTERNATIONAL UNIVERSITY,11,5
BANGLADESH OPEN UNIVERSITY,5,5
HAMDARD UNIVERSITY BANGLADESH,5,5
"NORTH WESTERN UNIVERSITY, KHULNA",34,4
CITY UNIVERSITY,24,4
DHAKA INTERNATIONAL UNIVERSITY,17,4
INSTITUTE OF SCIENCE TRADE AND TECHNOLOGY,11,4
Z. H. SIKDER UNIVERSITY OF SCIENCE AND TECHNOLOGY,8,4
CHANDPUR SCIENCE AND TECHNOLOGY UNIVERSITY,7,4
FARIDPUR ENGINEERING COLLEGE,7,4
NORTHERN UNIVERSITY OF BUSINESS AND TECHNOLOGY KHULNA,7,4
BANGLADESH ARMY UNIVERSITY OF ENGINEERING & TECHNOLOGY,6,4
NORTH EAST UNIVERSITY BANGLADESH,6,4
UNIVERSITY OF SCHOLARS,6,4
UNIVERSITY OF LIBERAL ARTS BANGLADESH,5,4
PRIME UNIVERSITY,4,4
SONARGAON UNIVERSITY,4,4
TEESTA UNIVERSITY,4,4
PRESIDENCY UNIVERSITY,11,3
PUNDRA UNIVERSITY OF SCIENCE & TECHNOLOGY,10,3
BANGLADESH ARMY INTERNATIONAL UNIVERSITY OF SCIENCE AND TECHNOLOGY,6,3
HEADWAY ENGINEERING INSTITUTE | SYLHET,4,3
ATISH DIPANKAR UNIVERSITY OF SCIENCE & TECHNOLOGY,3,3
INTERNATIONAL STANDARD UNIVERSITY,3,3
SYLHET INTERNATIONAL UNIVERSITY,11,2
"COLLEGE OF BUSINESS SCIENCE AND TECHNOLOGY, MYMENSINGH",7,2
ASIAN UNIVERSITY OF BANGLADESH,5,2
CENTRAL WOMENS UNIVERSITY,5,2
UNIVERSITY OF GLOBAL VILLAGE,5,2
MYMENSINGH ENGINEERING COLLEGE,3,2
SOUTHERN UNIVERSITY BANGLADESH,3,2
BANGLADESH AGRICULTURAL UNIVERSITY,2,2
BARISAL INFORMATION TECHNOLOGY COLLEGE,2,2
CANADIAN UNIVERSITY OF BANGLADESH,2,2
CCN UNIVERSITY OF SCIENCE & TECHNOLOGY,2,2
IOI,2,2
PRIMEASIA UNIVERSITY,2,2
TMSS ENGINEERING COLLEGE,2,2
STATE UNIVERSITY OF BANGLADESH,9,1
BANGAMATA SHEIKH FOJILATUNNESA MUJIB SCIENCE AND TECHNOLOGY UNIVERSITY,6,1
EASTERN UNIVERSITY OF BANGLADESH,6,1
CHITTAGONG INDEPENDENT UNIVERSITY,4,1
SHEIKH FAZILATUNNESA MUJIB UNIVERSITY,4,1
WORLD UNIVERSITY OF BANGLADESH,4,1
NOTRE DAME UNIVERSITY BANGLADESH,3,1
"RANGPUR ENGINEERING COLLEGE,RANGPUR",3,1
CENTRAL UNIVERSITY OF SCIENCE & TECHNOLOGY,2,1
FAREAST INTERNATIONAL UNIVERSITY,2,1
GERMAN UNIVERSITY BANGLADESH,2,1
GONO BISHWABIDYALAY (GONO UNIVERSITY),2,1
BANGLADESH UNIVERSITY OF TEXTILES,1,1
BRAHMANBARIA POLYTECHNIC INSTITUTE,1,1
CHATTOGRAM POLYTECHNIC INSTITUTE,1,1
FENI COMPUTER INSTITUTE,1,1
FENI UNIVERSITY,1,1
"IMPERIAL COLLEGE OF ENGINEERING, KHULNA",1,1
INTERNATIONAL ISLAMI UNIVERSITY OF SCIENCE AND TECHNOLOGY BANGLADESH,1,1
INTERNATIONAL UNIVERSITY OF SCHOLARS,1,1
MANARAT INTERNATIONAL UNIVERSITY,1,1
RANGPUR POLYTECHNIC INSTITUTE,1,1
RTM AL-KABIR TECHNICAL UNIVERSITY,1,1
"UNIVERSITY OF CREATIVE TECHNOLOGY, CHITTAGONG",1,1
TEMP USER,18,0
EUROPEAN UNIVERSITY OF BANGLADESH,3,0
BANDARBAN UNIVERSITY,2,0
DAFFODIL POLYTECHNIC INSTITUTE,2,0
DAFFODIL TECHNICAL INSTITUTE,2,0
NEW MODEL UNIVERSITY COLLEGE,2,0
STAMFORD UNIVERSITY BANGLADESH,2,0
COMPACT POLYTECHNIC INSTITUTE,1,0
DHAKA POLYTECHNIC INSTITUTE,1,0
"GOVT. SHAHID SUHRAWARDY COLLEGE, DHAKA",1,0
"NATIONAL INSTITUTE OF SCIENCE & TECHNOLOGY, BANGLADESH",1,0
"NATIONAL UNIVERSITY, BANGLADESH",1,0
RABINDRA MAITREE UNIVERSITY,1,0
SHAIKH BURHANUDDIN POST GRADUATE COLLEGE,1,0
SHYAMOLI TEXTILE ENGINEERING COLLEGE,1,0
THAKURGAON POLYTECHNIC INSTITUTE,1,0
"TRUST UNIVERSITY, BARISHAL",1,0
